Model,R2,RMSE
Raw_Features,0.9819295815819983,8.255487871712978
PCA_k9,0.35825938031739135,49.19697546597758
